"# Pearson==phi (per-sample error indicators, OOF n=7992)"
,STGCN++,CTR-GCN,SkateFormer,ProtoGCN,Conv1D+Tr,Region-Aware,KP-MLP,MotionBERT,C3D-stats,MAMP-NTU60,MAMP-NTU120
STGCN++,1.0000,0.3796,0.3300,0.3134,0.3694,0.3102,0.3140,0.2408,0.1709,0.2019,0.2231
CTR-GCN,0.3796,1.0000,0.3433,0.3310,0.3700,0.3369,0.3183,0.2584,0.1801,0.2185,0.2441
SkateFormer,0.3300,0.3433,1.0000,0.2965,0.4070,0.3870,0.3354,0.2696,0.1761,0.2208,0.2762
ProtoGCN,0.3134,0.3310,0.2965,1.0000,0.3128,0.2804,0.2781,0.1963,0.1457,0.1882,0.2026
Conv1D+Tr,0.3694,0.3700,0.4070,0.3128,1.0000,0.3687,0.4347,0.2731,0.1768,0.2592,0.2694
Region-Aware,0.3102,0.3369,0.3870,0.2804,0.3687,1.0000,0.2762,0.2505,0.1905,0.2456,0.2801
KP-MLP,0.3140,0.3183,0.3354,0.2781,0.4347,0.2762,1.0000,0.2279,0.1463,0.1991,0.2184
MotionBERT,0.2408,0.2584,0.2696,0.1963,0.2731,0.2505,0.2279,1.0000,0.2226,0.3230,0.3404
C3D-stats,0.1709,0.1801,0.1761,0.1457,0.1768,0.1905,0.1463,0.2226,1.0000,0.1722,0.2034
MAMP-NTU60,0.2019,0.2185,0.2208,0.1882,0.2592,0.2456,0.1991,0.3230,0.1722,1.0000,0.3687
MAMP-NTU120,0.2231,0.2441,0.2762,0.2026,0.2694,0.2801,0.2184,0.3404,0.2034,0.3687,1.0000
